"Y","X","X1","X10","X11","X12","X13","X14","X15","X16","X17","X18","X19","X2","X20","X21","X22","X23","X24","X25","X26","X27","X28","X29","X3","X30","X31","X32","X33","X34","X35","X36","X37","X38","X39","X4","X40","X41","X42","X43","X44","X45","X46","X47","X48","X49","X5","X50","X51","X52","X53","X54","X55","X56","X57","X58","X59","X6","X60","X61","X7","X8","X9"
"","",,,,,,,,,,,,,,,,,,,,,,,,,,,,,,,,,,,,,,,,,,,,,,,,,,,,,,,,,,,,,
"A",,,"DDR7_ODT_0","#","DDR7_CS_N_4","#","DDR7_BA_1","SCANA_CORE_VDD1P8","DDR7_CLK_0_N","#","DDR7_CLK_2_P","SCANA_CORE_VDD1P8","#","DDR7_ADDR_2","#","DDR7_ADDR_6","SCANA_CORE_VDD1P8","DDR7_ADDR_11","#","DDR7_BG_0","SCANA_CORE_VDD1P8","DDR7_CKE_2","#","SCANA_CORE_VDD1P8","DDR7_DATA_66","VSS","DDR7_DSTR_8_P","#","DDR7_DATA_64","VSS","DDR7_DATA_27","#","DDR7_DSTR_3_N","VSS","DDR7_CS_N_7","DDR7_DATA_25","#","DDR7_DATA_18","VSS","DDR7_DSTR_2_P","#","DDR7_DATA_16","VSS","DDR7_DATA_11","#","#","DDR7_DSTR_1_N","VSS","DDR7_DATA_9","#","DDR7_DATA_2","VSS","DDR7_DSTR_0_P","#","#","#","DDR7_CID_2","#","#","SCANA_CORE_VDD1P8","DDR7_ADDR_17","#"
"AA",,"DDR6_DATA_12","DDR6_DSTR_9_P","DDR6_DSTR_0_P","DDR6_DATA_7","DDR6_DATA_2","DDR6_DATA_69","DDR6_DATA_64","DDR6_DSTR_17_N","DDR6_DSTR_8_N","VSS","VDDC_SOC","DDR6_DATA_9","VSS","DDR4_DATA_64","VSS","VDDC_SOC","VSS","DDR4_DATA_70","VSS","VDDC_SOC","VSS","DDR4_DATA_40","RSVD","VSS","VDDC_SOC","VSS","DDR4_DATA_47","VSS","VDDC_SOC","VSS","DDR4_DATA_49","VSS","VDDC_SOC","DDR6_DSTR_10_N","VSS","DDR4_DATA_55","VSS","VDD18_SOC","VSS","DDR4_DATA_57","VSS","SPI1_CS2","VSS","DDR4_DATA_63","DDR6_DSTR_1_N","VSS","VSSA","SYS_REFCLK1_N","SOC_PLL_ATPOUT","PCIE23_ATO0","PCIE23_ATO1","TEST_VSS_2CH","TEST_VSS_2CH","TEST_VSS_2CH","PCIE2_L5_TX_P","DDR6_DATA_15","PCIE2_L5_TX_N","#","DDR6_DATA_11","DDR6_DATA_5","DDR6_DATA_1"
"AB",,"VSS","DDR6_DSTR_9_N","VSS","DDR6_DATA_3","VSS","DDR6_DATA_68","VSS","DDR6_DSTR_17_P","VSS","DDR6_DATA_67","IIC_SDA_0","DDR6_DATA_13","PMALERT_N","IIC_SCL_0","IIC_SCL_1","IIC_SDA_1","IIC_SCL_3","IIC_SDA_3","ALERT3_N","ALERT2_N","IIC_SDA_2","IIC_SCL_2","VSS","ALERT4_N","IIC_SCL_4","IIC_SDA_4","ALERT5_N","IIC_SDA_5","IIC_SCL_5","SPI0_CLK","SPI0_CS0","SPI0_CS1","SPI0_TX","DDR6_DSTR_10_P","SPI0_RX","SPI0_CS2","JTAG_IPP_TDI","SPI1_CLK","SPI1_CS0","JTAG_IPP_TMS","SPI1_RX","SPI1_CS1","SPI1_TX","JTAG_IPP_TDO","VSS","CAPTURE_EN","SYS_REFCLK2_N","SYS_REFCLK2_P","VSSA","PCIE3_L2_RX_P","PCIE3_L2_RX_N","VSSA","PCIE2_L2_RX_P","PCIE2_L2_RX_N","VSSA","DDR6_DATA_14","PCIE2_L4_TX_P","PCIE2_L4_TX_N","VSS","DDR6_DATA_4","VSS"
"AC",,"DDR7_ATB0","RSVD","PMDPLL5_CMLCKOUTP_TEST","PMDPLL5_CMLCKOUTN_TEST","VDDC_SOC_SENSE0_P","VDDC_SOC_SENSE0_N","PMDPLL1_ATPOUT","PMDPLL5_ATPOUT","DDR6_DATA_66","VSS","VDDC_PCP_SENSE1_N","DDR7_ATB1","VDDC_PCP_SENSE1_P","VSS","VDDC_SOC","VSS","VDDC_SOC","VSS","VDDC_SOC","VSS","VDDC_SOC","VSS","DDR5_ATB0","VDDC_SOC","VSS","VDDC_SOC","VSS","VDDC_SOC","VSS","VDDC_SOC","VSS","VDDC_SOC","VSS","DDR5_ATB1","VDDC_SOC","VSS","VDDC_SOC","VSS","VDD18_SOC","VSS","VDD18_SOC","VSS","VSSA","VSSA","DDR5_PLL_ATPOUT","REF_TESTCLK","VSSA","VSSA","PCIE3_L1_RX_P","PCIE3_L1_RX_N","VSSA","PCIE2_L1_RX_P","PCIE2_L1_RX_N","VSSA","PCIE2_L3_TX_P","DDR5_PLL_CMLCKOUTP_TEST","PCIE2_L3_TX_N","VSSA","DDR5_PLL_CMLCKOUTN_TEST","DDR5_PLL_TESTOUT_P","DDR5_PLL_TESTOUT_N"
"AD",,"VDDC_PCP","VDDC_PCP","VDDC_PCP","VSS","VDDC_PCP","VDDC_PCP","VSS","VDDC_PCP","VDDC_PCP","VDDC_PCP","VDDC_PCP","VDDC_PCP","VDDC_PCP","VDDC_PCP","VDDC_PCP","VDDC_PCP","VDDC_PCP","VDDC_PCP","VDDC_PCP","VDDC_PCP","VDDC_PCP","VDDC_PCP","VSS","VDDC_PCP","VDDC_PCP","VDDC_PCP","VDDC_PCP","VDDC_PCP","VDDC_PCP","VDDC_PCP","VDDC_PCP","VDDC_PCP","VDDC_PCP","VDDC_PCP","VDDC_PCP","VDDC_SOC","VSS","VDD18_PCP_ODD","VSS","RSVD","RSVD","VDDA_SOC","DDR4_PLL_CMLCKOUTP_TEST","DDR4_PLL_CMLCKOUTN_TEST","VDDC_PCP","VDDA_SOC","DDR6_PLL_CMLCKOUTP_TEST","DDR6_PLL_CMLCKOUTN_TEST","VDDA_SOC","PCIE3_L0_RX_N","PCIE3_L0_RX_P","VSSA","PCIE2_L0_RX_P","PCIE2_L0_RX_N","VSSA","VSS","PCIE2_L2_TX_P","PCIE2_L2_TX_N","VDDC_PCP","VDDC_PCP","VSS"
"AE",,"#","VDDC_PCP","VDDC_PCP","VDDC_PCP","VDDC_PCP","VDDC_PCP","VDDC_PCP","VDDC_PCP","VDDC_PCP","VDDC_PCP","VDDC_PCP","VDDC_PCP","VDDC_PCP","VSS","VDDC_PCP","VSS","VDDC_PCP","VSS","VDDC_PCP","VSS","VDDC_PCP","VSS","VDDC_PCP","VDDC_PCP","VSS","VDDC_PCP","VSS","VDDC_PCP","VSS","VDDC_PCP","VSS","VDDC_PCP","VSS","VDDC_PCP","VDDC_PCP","VSS","VDDC_SOC","VSSA_PLL2","VDD18_PLL_PCP_ODD","VSSA_PLL2","VDD18_PLL_SOC","VSSA","VDDA_SOC","VDDA_SOC","VDDC_PCP","VSSA","VDDA_SOC","VDDA_SOC","VSSA","PCIE67SATA0123STRC_ATO0","PCIE67SATA0123STRC_ATO1","EDT_BYPASS","TEST_VSS_2CH","TEST_VSS_2CH","PCIE2_L1_TX_P","VDDC_PCP","PCIE2_L1_TX_N","#","VDDC_PCP","VDDC_PCP","VDDC_PCP"
"AF",,"VDDC_PCP","VDDC_PCP","VDDC_PCP","VSS","VDDC_PCP","VDDC_PCP","VSS","VDDC_PCP","VDDC_PCP","VSS","#","VDDC_PCP","#","#","#","#","#","#","#","#","#","#","VSS","#","#","#","#","#","#","#","#","#","#","VDDC_PCP","#","#","#","#","#","#","#","VDDA_SOC","PMDPLL1_CMLCKOUTN_TEST","PMDPLL1_CMLCKOUTP_TEST","VDDC_PCP","VDDA_SOC","PMDPLL7_CMLCKOUTN_TEST","PMDPLL7_CMLCKOUTP_TEST","VDD15_SOC","PCIE5_L3_RX_P","PCIE5_L3_RX_N","VSSA","PCIE6_L0_RX_P","PCIE6_L0_RX_N","VSSA","VSS","PCIE2_L0_TX_P","PCIE2_L0_TX_N","VDDC_PCP","VDDC_PCP","VSS"
"AG",,"VSS","VSS","VDDC_PCP","VDDC_PCP","VSS","VDDC_PCP","VDDC_PCP","VSS","VDDC_PCP","VDDC_PCP","#","VDDC_PCP","#","#","#","#","#","#","#","#","#","#","VDDC_PCP","#","#","#","#","#","#","#","#","#","#","VSS","#","#","#","#","#","#","#","VSSA","VDDA_SOC","VDDA_SOC","VDDC_PCP","VSSA","VDD15_SOC","VDD15_SOC","PCIE5_L2_RX_P","PCIE5_L2_RX_N","VSSA","PCIE7_L1_RX_P","PCIE7_L1_RX_N","VSSA","PCIE6_L0_TX_P","VDDC_PCP","PCIE6_L0_TX_N","VSSA","VSS","VDDC_PCP","VDDC_PCP"
"AH",,"VDDC_PCP","VDDC_PCP","VDDC_PCP","VSS","VDDC_PCP","VDDC_PCP","VSS","VDDC_PCP","VDDC_PCP","VSS","#","VDDC_PCP","#","#","#","#","#","#","#","#","#","#","VSS","#","#","#","#","#","#","#","#","#","#","VDDC_PCP","#","#","#","#","#","#","#","VDD15_SOC","VDDC_SOC_SENSE1_P","VDDC_SOC_SENSE1_N","VDDC_PCP","VDD15_SOC","SOC_PLL_CMLCKOUTN_TEST","SOC_PLL_CMLCKOUTP_TEST","VSSA","PCIE5_L1_RX_P","PCIE5_L1_RX_N","VDD15_SOC","SATA0_L4_RX_P","SATA0_L4_RX_N","VSSA","VSS","PCIE7_L1_TX_P","PCIE7_L1_TX_N","VDDC_PCP","VDDC_PCP","VSS"
"AJ",,"#","VDDC_PCP","VDDC_PCP","VDDC_PCP","VDDC_PCP","VDDC_PCP","VDDC_PCP","VDDC_PCP","VDDC_PCP","VDDC_PCP","#","VDDC_PCP","#","#","#","#","#","#","#","#","#","#","VDDC_PCP","#","#","#","#","#","#","#","#","#","#","VDDC_PCP","#","#","#","#","#","#","#","VSSA","VDD15_SOC","VDD15_SOC","VDDC_PCP","VSSA","VDD15_SOC","VDD15_SOC","VDD15_SOC","JTAG_SELECT0","TEST_VSS_2CH","EDT_CLK","EDT_LOWPWR","EDT_UPDATE","SATA0_L4_TX_P","VDDC_PCP","SATA0_L4_TX_N","#","VDDC_PCP","VDDC_PCP","VDDC_PCP"
"AK",,"#","VDDC_PCP","VDDC_PCP","VSS","VDDC_PCP","VDDC_PCP","VSS","VDDC_PCP","VDDC_PCP","VSS","#","VDDC_PCP","#","#","#","#","#","#","#","#","#","#","VSS","#","#","#","#","#","#","#","#","#","#","VDDC_PCP","#","#","#","#","#","#","#","VDD15_SOC","PMDPLL3_ATPOUT","PMDPLL7_ATPOUT","VDDC_PCP","VDD15_SOC","VDDC_SOC_SENSE2_N","VDDC_SOC_SENSE2_P","VSSA","PCIE5_L0_RX_P","PCIE5_L0_RX_N","VSSA","SATA1_L5_RX_P","SATA1_L5_RX_N","VSSA","VSS","SATA1_L5_TX_P","SATA1_L5_TX_N","VDDC_PCP","VDDC_PCP","VSS"
"AL",,"#","VSS","VDDC_PCP","VDDC_PCP","VSS","VDDC_PCP","VDDC_PCP","VSS","VDDC_PCP","VDDC_PCP","#","VDDC_PCP","#","#","#","#","#","#","#","#","#","#","VDDC_PCP","#","#","#","#","#","#","#","#","#","#","VSS","#","#","#","#","#","#","#","VSSA","VDD15_SOC","VDD15_SOC","VDDC_PCP","VSSA","VDD15_SOC","VDD15_SOC","PCIE4_L3_RX_P","PCIE4_L3_RX_N","VSSA","SATA2_L6_RX_P","SATA2_L6_RX_N","VDD15_SOC","SATA2_L6_TX_P","VDDC_PCP","SATA2_L6_TX_N","VSSA","VSS","VDDC_PCP","VDDC_PCP"
"AM",,"#","VDDC_PCP","VDDC_PCP","VSS","VDDC_PCP","VDDC_PCP","VSS","VDDC_PCP","VDDC_PCP","VSS","#","VDDC_PCP","#","#","#","#","#","#","#","#","#","#","VSS","#","#","#","#","#","#","#","#","#","#","VDDC_PCP","#","#","#","#","#","#","#","VDD15_SOC","PMDPLL6_ATPOUT","PMDPLL2_ATPOUT","VDDC_PCP","VDD15_SOC","VDDC_PCP_SENSE2_N","VDDC_PCP_SENSE2_P","VSSA","PCIE4_L2_RX_P","PCIE4_L2_RX_N","VSSA","SATA3_L7_RX_P","SATA3_L7_RX_N","VSSA","VSS","SATA3_L7_TX_P","SATA3_L7_TX_N","VDDC_PCP","VDDC_PCP","VSS"
"AN",,"#","VDDC_PCP","VDDC_PCP","VDDC_PCP","VDDC_PCP","VDDC_PCP","VDDC_PCP","VDDC_PCP","VDDC_PCP","VDDC_PCP","#","VDDC_PCP","#","#","#","#","#","#","#","#","#","#","VDDC_PCP","#","#","#","#","#","#","#","#","#","#","VDDC_PCP","#","#","#","#","#","#","#","VSSA","VDD15_SOC","VDD15_SOC","VDDC_PCP","VSSA","VDD15_SOC","VDD15_SOC","VDD15_SOC","PCPPLL_ATPOUT","EFUSE_TMM_VDDQ1P8","EFUSE_PCP_VDDQ1P8","EFUSE_OCM_VDDQ1P8","EFUSE_MFG_VDDQ1P8","PCIE1_L7_TX_P","VDDC_PCP","PCIE1_L7_TX_N","#","VDDC_PCP","VDDC_PCP","VDDC_PCP"
"AP",,"VDDC_PCP","VDDC_PCP","VDDC_PCP","VSS","VDDC_PCP","VDDC_PCP","VSS","VDDC_PCP","VDDC_PCP","VSS","#","VDDC_PCP","#","#","#","#","#","#","#","#","#","#","VSS","#","#","#","#","#","#","#","#","#","#","VDDC_PCP","#","#","#","#","#","#","#","VDD15_SOC","PMDPLL2_CMLCKOUTN_TEST","PMDPLL2_CMLCKOUTP_TEST","VDDC_PCP","VDD15_SOC","PCP_PLL_CMLCKOUTN_TEST","PCP_PLL_CMLCKOUTP_TEST","VSSA","PCIE4_L1_RX_P","PCIE4_L1_RX_N","VDD15_SOC","PCIE5_L3_TX_P","PCIE5_L3_TX_N","VSSA","VSS","PCIE1_L6_TX_P","PCIE1_L6_TX_N","VDDC_PCP","VDDC_PCP","VSS"
"AR",,"VSS","VSS","VDDC_PCP","VDDC_PCP","VSS","VDDC_PCP","VDDC_PCP","VSS","VDDC_PCP","VDDC_PCP","#","VDDC_PCP","#","#","#","#","#","#","#","#","#","#","VDDC_PCP","#","#","#","#","#","#","#","#","#","#","VSS","#","#","#","#","#","#","#","VSSA","VDDA_SOC","VDDA_SOC","VDDC_PCP","VSSA","VDD15_SOC","VDD15_SOC","PCIE4_L0_RX_P","PCIE4_L0_RX_N","VSSA","PCIE5_L1_TX_P","PCIE5_L1_TX_N","VSSA","PCIE5_L2_TX_P","VDDC_PCP","PCIE5_L2_TX_N","VSSA","VSS","VDDC_PCP","VDDC_PCP"
"AT",,"VDDC_PCP","VDDC_PCP","VDDC_PCP","VSS","VDDC_PCP","VDDC_PCP","VSS","VDDC_PCP","VDDC_PCP","VSS","#","VDDC_PCP","#","#","#","#","#","#","#","#","#","#","VSS","#","#","#","#","#","#","#","#","#","#","VDDC_PCP","#","#","#","#","#","#","#","VDDA_SOC","PMDPLL0_CMLCKOUTN_TEST","PMDPLL0_CMLCKOUTP_TEST","VDDC_PCP","VDDA_SOC","PMDPLL6_CMLCKOUTN_TEST","PMDPLL6_CMLCKOUTP_TEST","VDD15_SOC","PCIE1_L7_RX_N","PCIE1_L7_RX_P","VSSA","PCIE5_L0_TX_P","PCIE5_L0_TX_N","VSSA","VSS","PCIE1_L5_TX_P","PCIE1_L5_TX_N","VDDC_PCP","VDDC_PCP","VSS"
"AU",,"#","VDDC_PCP","VDDC_PCP","VDDC_PCP","VDDC_PCP","VDDC_PCP","VDDC_PCP","VDDC_PCP","VDDC_PCP","VDDC_PCP","VDDC_PCP","VDDC_PCP","VDDC_PCP","VSS","VDDC_PCP","VSS","VDDC_PCP","VSS","VDDC_PCP","VSS","VDDC_PCP","VSS","VDDC_PCP","VDDC_PCP","VSS","VDDC_PCP","VSS","VDDC_PCP","VSS","VDDC_PCP","VSS","VDDC_PCP","VSS","VDDC_PCP","VDDC_PCP","VSS","VDDC_SOC","VSSA_PLL2","VDD18_PLL_PCP_EVEN","VSS","VDD33_SOC","VSSA","VDDA_SOC","VDDA_SOC","VDDC_PCP","VSSA","VDDA_SOC","VDDA_SOC","VSSA","PCIE45_ATO0","PCIE45_ATO1","TEST_VSS_2CH","TEST_VSS_2CH","TEST_VSS_2CH","PCIE1_L4_TX_P","VDDC_PCP","PCIE1_L4_TX_N","#","VDDC_PCP","VDDC_PCP","VDDC_PCP"
"AV",,"VDDC_PCP","VDDC_PCP","VDDC_PCP","VSS","VDDC_PCP","VDDC_PCP","VSS","VDDC_PCP","VDDC_PCP","VDDC_PCP","VDDC_PCP","VDDC_PCP","VDDC_PCP","VDDC_PCP","VDDC_PCP","VDDC_PCP","VDDC_PCP","VDDC_PCP","VDDC_PCP","VDDC_PCP","VDDC_PCP","VDDC_PCP","VSS","VDDC_PCP","VDDC_PCP","VDDC_PCP","VDDC_PCP","VDDC_PCP","VDDC_PCP","VDDC_PCP","VDDC_PCP","VDDC_PCP","VDDC_PCP","VDDC_PCP","VDDC_PCP","VDDC_SOC","VSS","VDD18_PCP_EVEN","VSS","VDD33_SOC","VSS","VDDA_SOC","DDR0_PLL_CMLCKOUTP_TEST","DDR0_PLL_CMLCKOUTN_TEST","VDDC_PCP","VDDA_SOC","DDR2_PLL_CMLCKOUTP_TEST","DDR2_PLL_CMLCKOUTN_TEST","VDDA_SOC","PCIE1_L6_RX_N","PCIE1_L6_RX_P","VSSA","PCIE4_L3_TX_P","PCIE4_L3_TX_N","VSSA","VSS","PCIE1_L3_TX_P","PCIE1_L3_TX_N","VDDC_PCP","VDDC_PCP","VSS"
"AW",,"DDR3_ATB0","RSVD","PMDPLL4_CMLCKOUTP_TEST","PMDPLL4_CMLCKOUTN_TEST","VDDC_SOC_SENSE3_P","VDDC_SOC_SENSE3_N","PMDPLL0_ATPOUT","PMDPLL4_ATPOUT","DDR2_DATA_66","VSS","VDDC_PCP_SENSE0_N","DDR3_ATB1","VDDC_PCP_SENSE0_P","VSS","VDDC_SOC","VSS","VDDC_SOC","VSS","VDDC_SOC","VSS","VDDC_SOC","VSS","DDR1_ATB0","VDDC_SOC","VSS","VDDC_SOC","VSS","VDDC_SOC","VSS","VDDC_SOC","VSS","VDDC_SOC","VSS","DDR1_ATB1","VDDC_SOC","VSS","VDDC_SOC","VSS","VDD18_SOC","VSS","VDD33_SOC","VSS","VSSA","VSSA","DDR1_PLL_ATPOUT","SYS_RESETN","VSSA","VSSA","PCIE1_L5_RX_N","PCIE1_L5_RX_P","VSSA","PCIE4_L1_TX_P","PCIE4_L1_TX_N","VSSA","PCIE4_L2_TX_P","DDR1_PLL_CMLCKOUTP_TEST","PCIE4_L2_TX_N","VSSA","DDR1_PLL_CMLCKOUTN_TEST","DDR1_PLL_TESTOUT_P","DDR1_PLL_TESTOUT_N"
"AY",,"VSS","DDR2_DSTR_9_N","VSS","DDR2_DATA_3","VSS","DDR2_DATA_68","VSS","DDR2_DSTR_17_P","VSS","DDR2_DATA_67","SOC_PWRGD","DDR2_DATA_13","PCP_PWRGD","MAC_TXD_0","MAC_TXCLK","MAC_TXD_1","MAC_TXD_2","MAC_TXD_3","MAC_TXCTL","MAC_RXCLK","MAC_RXD_0","MAC_RXD_1","VSS","MAC_RXD_2","MAC_RXD_3","MAC_RXCTL","UART_SIN0","UART_SOUT0","UART_CTS0","UART_RTS0","UART_SIN1","UART_SOUT1","UART_SOUT2","DDR2_DSTR_10_P","UART_SCLK","UART_SIN2","UART_SIN3","UART_SOUT3","UART_SOUT4","UART_SIN4","USB_H0_VBUS_EN","USB0_DM","USB0_DP","USB_H1_VBUS_EN","VSS","USB1_DM","USB1_DP","JTAG_DAP_TMS","VSSA","PCIE1_L4_RX_N","PCIE1_L4_RX_P","VSSA","PCIE4_L0_TX_P","PCIE4_L0_TX_N","VSSA","DDR2_DATA_14","PCIE1_L2_TX_P","PCIE1_L2_TX_N","VSS","DDR2_DATA_4","VSS"
"B",,"#","DDR7_ODT_2","DDR7_ADDR_14_WE_N","DDR7_CS_N_0","DDR7_ADDR_10","DDR7_BA_0","DDR7_PAR","DDR7_CLK_0_P","DDR7_CLK_1_P","DDR7_CLK_2_N","DDR7_CLK_3_P","SCANA_CORE_VDD1P8","DDR7_ADDR_1","DDR7_ADDR_4","DDR7_ADDR_5","DDR7_ADDR_7","DDR7_ADDR_9","DDR7_ALERT_N","DDR7_BG_1","DDR7_CKE_0","DDR7_CKE_1","DDR7_RESETN","DDR6_ADDR_12","DDR7_DATA_67","DDR7_DATA_71","DDR7_DSTR_8_N","DDR7_DSTR_17_N","DDR7_DATA_65","DDR7_DATA_69","DDR7_DATA_26","DDR7_DATA_31","DDR7_DSTR_3_P","DDR7_DSTR_12_N","VSS","DDR7_DATA_24","DDR7_DATA_29","DDR7_DATA_19","DDR7_DATA_23","DDR7_DSTR_2_N","DDR7_DSTR_11_N","DDR7_DATA_17","DDR7_DATA_21","DDR7_DATA_10","DDR7_DATA_15","DDR7_CS_N_6","DDR7_DSTR_1_P","DDR7_DSTR_10_N","DDR7_DATA_8","DDR7_DATA_13","DDR7_DATA_3","DDR7_DATA_7","DDR7_DSTR_0_N","DDR7_DSTR_9_N","DDR7_DATA_1","VSS","DDR7_CS_N_2","VDDQ_DDR4567_SENSE4_N","#","DDR7_ODT_1","DDR7_CS_N_5","DDR7_ADDR_13"
"BA",,"DDR2_DATA_12","DDR2_DSTR_9_P","DDR2_DSTR_0_P","DDR2_DATA_7","DDR2_DATA_2","DDR2_DATA_69","DDR2_DATA_64","DDR2_DSTR_17_N","DDR2_DSTR_8_N","VSS","VDDC_SOC","DDR2_DATA_9","VSS","DDR0_DATA_64","VSS","VDDC_SOC","VSS","DDR0_DATA_70","VSS","VDDC_SOC","VSS","DDR0_DATA_40","RSVD","VSS","VDDC_SOC","VSS","DDR0_DATA_47","VSS","VDDC_SOC","VSS","DDR0_DATA_49","VSS","VDDC_SOC","DDR2_DSTR_10_N","VSS","DDR0_DATA_55","VSS","VDD18_SOC","VSS","DDR0_DATA_57","VSS","VDD18_SOC","VSS","DDR0_DATA_63","DDR2_DSTR_1_N","VSS","VSSA","PCIE1_L3_RX_N","PCIE1_L3_RX_P","PCIE01_ATO1","PCIE01_ATO0","TEST_VSS_2CH","TEST_VSS_2CH","TEST_VSS_2CH","PCIE1_L1_TX_P","DDR2_DATA_15","PCIE1_L1_TX_N","#","DDR2_DATA_11","DDR2_DATA_5","DDR2_DATA_1"
"BB",,"DDR2_DATA_8","VSS","DDR2_DSTR_0_N","VSS","DDR2_DATA_6","VSS","DDR2_DATA_65","VSS","DDR2_DSTR_8_P","DDR2_DATA_70","JTAG_PM_TMS","VSS","DDR0_DATA_68","DDR0_DATA_65","DDR0_DSTR_17_N","PCP_PWRCTL","DDR0_DSTR_8_N","DDR0_DATA_71","DDR0_DATA_67","GPIO_2","DDR0_DATA_44","DDR0_DATA_41","RSVD","DDR0_DSTR_14_N","GE_MAC_MDC","DDR0_DSTR_5_N","DDR0_DATA_46","DDR0_DATA_43","GPIO_4","DDR0_DATA_52","DDR0_DATA_48","DDR0_DSTR_15_N","GPIO_FAULT","VSS","DDR0_DSTR_6_N","DDR0_DATA_54","DDR0_DATA_51","JTAG_DAP_TDO","DDR0_DATA_60","DDR0_DATA_56","DDR0_DSTR_16_N","JTAG_DAP_TCK","DDR0_DSTR_7_N","DDR0_DATA_62","DDR2_DSTR_1_P","DDR0_DATA_59","PCIE4_RC_PERSTN","PCIE1_RC_PERSTN","VSSA","PCIE1_L2_RX_N","PCIE1_L2_RX_P","VSSA","PCIE0_L7_RX_N","PCIE0_L7_RX_P","VSSA","VSS","PCIE1_L0_TX_P","PCIE1_L0_TX_N","DDR2_DATA_10","VSS","DDR2_DATA_0"
"BC",,"VSS","DDR3_DATA_60","SCANAIO_37","DDR1_DATA_59","VSS","DDR1_DSTR_7_N","SCANAIO_50","TEST_VSS_4CH","VSS","DDR2_DATA_71","JTAG_PM_TDI","DDR3_DATA_43","DDR0_DATA_69","VSS","DDR0_DSTR_17_P","JTAG_PM_TRSTN","DDR0_DSTR_8_P","VSS","DDR0_DATA_66","GPIO_3","DDR0_DATA_45","VSS","DDR3_DATA_42","DDR0_DSTR_14_P","GE_MAC_MDIO","DDR0_DSTR_5_P","VSS","DDR0_DATA_42","GPIO_5","DDR0_DATA_53","VSS","DDR0_DSTR_15_P","GPIO_6","DDR3_DATA_59","DDR0_DSTR_6_P","VSS","DDR0_DATA_50","JTAG_DAP_TRSTN","DDR0_DATA_61","VSS","DDR0_DSTR_16_P","JTAG_DAP_TDI","DDR0_DSTR_7_P","VSS","VSS","DDR0_DATA_58","VSS","PCIE1_L1_RX_N","PCIE1_L1_RX_P","VSSA","VSSA","PCIE0_L6_RX_N","PCIE0_L6_RX_P","VSSA","PCIE0_L7_TX_P","DDR3_DSTR_7_N","PCIE0_L7_TX_N","VSSA","TEST_VSS_8CH","DDR3_DSTR_16_N","VSS"
"BD",,"DDR3_DATA_47","DDR3_DATA_61","SCANAIO_38","DDR1_DATA_58","DDR1_DATA_63","DDR1_DSTR_7_P","SCANAIO_51","VSS","DDR1_DATA_57","VSS","PMT_CLK_IN","DDR3_DATA_46","VSS","DDR0_DATA_0","VSS","SCANACLK_10","VSS","DDR0_DATA_6","VSS","SCANACLK_18","VSS","DDR0_DATA_8","VSS","VSS","SCANAIO_2","VSS","DDR0_DATA_15","VSS","SCANAIO_10","VSS","DDR0_DATA_17","VSS","SCANAIO_18","DDR3_DATA_58","VSS","DDR0_DATA_23","VSS","SCANAIO_26","VSS","DDR0_DATA_25","VSS","SCANAIO_34","VSS","DDR0_DATA_31","DDR3_DATA_62","VSS","USB_REFCLK","PCIE5_RC_PERSTN","VSSA","PCIE0_L4_RX_N","PCIE0_L4_RX_P","VSSA","PCIE0_L5_RX_N","PCIE0_L5_RX_P","VSSA","DDR3_DSTR_7_P","PCIE0_L6_TX_P","PCIE0_L6_TX_N","TEST_VSS_8CH","DDR3_DSTR_16_P","DDR3_DATA_57"
"BE",,"#","VSS","SCANAIO_39","VSS","DDR1_DATA_62","VSS","SCANAIO_52","DDR1_DSTR_16_N","DDR1_DATA_56","DDR1_DATA_60","JTAG_PM_TCK","DDR3_DSTR_5_P","DDR0_DATA_4","DDR0_DATA_1","DDR0_DSTR_9_N","SCANACLK_9","DDR0_DSTR_0_N","DDR0_DATA_7","DDR0_DATA_3","SCANACLK_17","DDR0_DATA_12","DDR0_DATA_9","DDR3_DSTR_5_N","DDR0_DSTR_10_N","SCANAIO_1","DDR0_DSTR_1_N","DDR0_DATA_14","DDR0_DATA_11","SCANAIO_9","DDR0_DATA_20","DDR0_DATA_16","DDR0_DSTR_11_N","SCANAIO_17","VSS","DDR0_DSTR_2_N","DDR0_DATA_22","DDR0_DATA_19","SCANAIO_25","DDR0_DATA_28","DDR0_DATA_24","DDR0_DSTR_12_N","SCANAIO_33","DDR0_DSTR_3_N","DDR0_DATA_30","DDR3_DATA_63","DDR0_DATA_27","VSSA","PCIE1_L0_RX_N","JTAG_SOC_TDO","JTAG_SELECT1","JTAG_SELECT2","TEST_VSS_2CH","TEST_VSS_2CH","TEST_VSS_2CH","PCIE0_L5_TX_P","VSS","PCIE0_L5_TX_N","#","TEST_VSS_8CH","VSS","DDR3_DATA_56"
"BF",,"DDR3_DSTR_14_P","DDR2_DATA_19","SCANAIO_40","DDR1_DATA_51","VSS","DDR1_DSTR_6_P","SCANAIO_53","DDR1_DSTR_16_P","VSS","DDR1_DATA_61","JTAG_PM_TDO","DDR3_DSTR_14_N","DDR0_DATA_5","VSS","DDR0_DSTR_9_P","SCANACLK_8","DDR0_DSTR_0_P","VSS","DDR0_DATA_2","SCANACLK_16","DDR0_DATA_13","VSS","VSS","DDR0_DSTR_10_P","SCANAIO_0","DDR0_DSTR_1_P","VSS","DDR0_DATA_10","SCANAIO_8","DDR0_DATA_21","VSS","DDR0_DSTR_11_P","SCANAIO_16","VDDQ_DDR0123_SENSE1_P","DDR0_DSTR_2_P","VSS","DDR0_DATA_18","SCANAIO_24","DDR0_DATA_29","VSS","DDR0_DSTR_12_P","SCANAIO_32","DDR0_DSTR_3_P","VSS","VSS","DDR0_DATA_26","JTAG_SOC_TMS","PCIE1_L0_RX_P","VSSA","PCIE0_L3_RX_N","PCIE0_L3_RX_P","VSSA","PCIE0_L2_RX_N","PCIE0_L2_RX_P","VSSA","DDR2_DATA_20","PCIE0_L4_TX_P","PCIE0_L4_TX_N","VSS","DDR2_DSTR_2_N","VSS"
"BG",,"VSS","DDR2_DATA_18","SCANAIO_41","DDR1_DATA_50","DDR1_DATA_55","DDR1_DSTR_6_N","SCANAIO_54","VSS","DDR1_DATA_49","VSS","SCANACLK_2","DDR3_DATA_41","VSS","DDR0_RESETN","VSS","SCANACLK_7","VSS","DDR1_DATA_71","VSS","SCANACLK_15","VSS","DDR1_DATA_65","DDR3_DATA_40","VSS","SCANACLK_23","VSS","DDR1_DATA_30","VSS","SCANAIO_7","VSS","DDR1_DATA_24","VSS","SCANAIO_15","VDDQ_DDR0123_SENSE1_N","VSS","DDR1_DATA_22","VSS","SCANAIO_23","VSS","DDR1_DATA_16","VSS","SCANAIO_31","VSS","DDR1_DATA_14","DDR2_DATA_21","VSS","HIGHTEMP_N","VSS","PCIE4_EP_PERSTN","VSS","PCIE0_EP_PERSTN","PCIE0_L1_RX_N","PCIE0_L1_RX_P","VSSA","PCIE0_L3_TX_P","DDR2_DATA_16","PCIE0_L3_TX_N","VSSA","DDR2_DSTR_11_P","DDR2_DSTR_2_P","DDR2_DATA_23"
"BH",,"DDR3_DATA_45","VSS","SCANAIO_42","VSS","DDR1_DATA_54","VSS","SCANAIO_55","DDR1_DSTR_15_N","DDR1_DATA_48","DDR1_DATA_52","SCANACLK_1","DDR3_DATA_44","DDR0_CKE_3","DDR0_CKE_2","DDR0_CKE_0","SCANACLK_6","DDR1_DATA_67","DDR1_DATA_70","DDR1_DSTR_8_N","SCANACLK_14","DDR1_DSTR_17_N","DDR1_DATA_64","VSS","DDR1_DATA_68","SCANACLK_22","DDR1_DATA_27","DDR1_DATA_31","DDR1_DSTR_3_N","SCANAIO_6","DDR1_DSTR_12_N","DDR1_DATA_25","DDR1_DATA_28","SCANAIO_14","DDR3_PLL_ATPOUT","DDR1_DATA_19","DDR1_DATA_23","DDR1_DSTR_2_N","SCANAIO_22","DDR1_DSTR_11_N","DDR1_DATA_17","DDR1_DATA_20","SCANAIO_30","DDR1_DATA_11","DDR1_DATA_15","DDR2_DATA_17","DDR1_DSTR_1_N","OVERTEMP_N","DDR1_DATA_9","DDR1_DATA_8","DDR1_DATA_12","VSS","VSSA","PCIE0_L0_RX_N","PCIE0_L0_RX_P","VSSA","VSS","PCIE0_L2_TX_P","PCIE0_L2_TX_N","DDR2_DSTR_11_N","VSS","DDR2_DATA_22"
"BJ",,"#","TEST_VSS_8CH","SCANAIO_43","TEST_VSS_4CH","TEST_VSS_4CH","TEST_VSS_4CH","SCANAIO_56","DDR1_DSTR_15_P","VSS","DDR1_DATA_53","SCANACLK_0","DDR3_DATA_35","DDR0_CKE_1","VDDQ_DDR0123","DDR0_BG_1","SCANACLK_5","DDR1_DATA_66","VSS","DDR1_DSTR_8_P","SCANACLK_13","DDR1_DSTR_17_P","VSS","DDR3_DATA_34","DDR1_DATA_69","SCANACLK_21","DDR1_DATA_26","VSS","DDR1_DSTR_3_P","SCANAIO_5","DDR1_DSTR_12_P","VSS","DDR1_DATA_29","SCANAIO_13","TEST_VSS_8CH","DDR1_DATA_18","VSS","DDR1_DSTR_2_P","SCANAIO_21","DDR1_DSTR_11_P","VSS","DDR1_DATA_21","SCANAIO_29","DDR1_DATA_10","VSS","TEST_VSS_8CH","DDR1_DSTR_1_P","DDR1_DSTR_10_N","DDR1_DSTR_10_P","VSS","DDR1_DATA_13","USB_H0_OVRCUR_N","PCIE0_RC_PERSTN","JTAG_SOC_TRSTN","JTAG_SOC_TCK","PCIE0_L1_TX_P","TEST_VSS_8CH","PCIE0_L1_TX_N","#","TEST_VSS_8CH","TEST_VSS_8CH","TEST_VSS_8CH"
"BK",,"DDR3_DATA_38","VSS","SCANAIO_44","VSS","DDR1_DATA_47","VSS","SCANAIO_57","VSS","DDR1_DATA_41","VSS","TEST_VSS_2CH","DDR3_DATA_39","VSS","DDR0_ACT_N","VDDQ_DDR0123","SCANACLK_4","VSS","DDR0_ADDR_7","VDDQ_DDR0123","SCANACLK_12","VSS","DDR0_ADDR_1","VSS","VDDQ_DDR0123","SCANACLK_20","VSS","DDR0_CLK_0_P","VDDQ_DDR0123","SCANAIO_4","VSS","DDR0_BA_0","VDDQ_DDR0123","SCANAIO_12","VSS","VSS","DDR0_ADDR_15_CAS_N","VDDQ_DDR0123","SCANAIO_20","VSS","DDR0_ADDR_17","VDDQ_DDR0123","SCANAIO_28","VSS","RSVD","DDR3_DATA_51","VDDQ_DDR0123","SCANAIO_36","VSS","DDR0_DATA_33","VSS","DDR0_DSTR_4_P","VSS","USB_H1_OVRCUR_N","VSS","VSSA","VSS","PCIE0_L0_TX_P","PCIE0_L0_TX_N","TEST_VSS_8CH","VSS","DDR3_DATA_49"
"BL",,"VSS","DDR3_DATA_52","SCANAIO_45","DDR1_DATA_43","DDR1_DATA_46","DDR1_DSTR_5_N","SCANAIO_58","DDR1_DSTR_14_N","DDR1_DATA_40","DDR1_DATA_44","TEST_VSS_2CH","DDR3_DSTR_4_P","RSVD","DDR0_BG_0","DDR0_ADDR_12","SCANACLK_3","DDR0_ADDR_9","DDR0_ADDR_8","DDR0_ADDR_5","SCANACLK_11","DDR0_ADDR_4","DDR0_ADDR_2","DDR3_DSTR_4_N","DDR0_CLK_2_P","SCANACLK_19","DDR0_CLK_3_N","DDR0_CLK_0_N","DDR0_CLK_1_P","SCANAIO_3","DDR0_PAR","DDR0_BA_1","DDR0_ADDR_16_RAS_N","SCANAIO_11","DDR3_DATA_50","DDR0_CS_N_0","DDR0_ADDR_14_WE_N","DDR0_ODT_2","SCANAIO_19","DDR0_ADDR_13","DDR0_CS_N_5","DDR0_ODT_3","SCANAIO_27","DDR0_CID_2","DDR0_CS_N_6","DDR3_DATA_55","DDR0_CS_N_7","SCANAIO_35","DDR0_DATA_36","DDR0_DATA_32","DDR0_DSTR_13_N","DDR0_DSTR_4_N","DDR0_DATA_39","DDR0_DATA_34","GPIO_0","GPIO_1","DDR3_DSTR_6_P","JTAG_SOC_TDI","VSSA","TEST_VSS_8CH","DDR3_DSTR_15_N","DDR3_DATA_48"
"BM",,"DDR3_DSTR_13_N","DDR3_DATA_53","SCANAIO_46","DDR1_DATA_42","VSS","DDR1_DSTR_5_P","SCANAIO_59","DDR1_DSTR_14_P","VSS","DDR1_DATA_45","SCANAIO_64","DDR3_DSTR_13_P","RSVD","VDDQ_DDR0123","DDR0_ALERT_N","SCANAIO_69","DDR0_ADDR_11","VDDQ_DDR0123","DDR0_ADDR_6","SCANAIO_74","DDR0_ADDR_3","VDDQ_DDR0123","VSS","DDR0_CLK_2_N","SCANAIO_79","DDR0_CLK_3_P","VDDQ_DDR0123","DDR0_CLK_1_N","SCANAIO_84","DDR0_ADDR_0","VDDQ_DDR0123","DDR0_ADDR_10","SCANAIO_89","DDR3_DATA_54","DDR0_CS_N_4","VDDQ_DDR0123","DDR0_ODT_0","SCANAIO_94","DDR0_CS_N_1","VDDQ_DDR0123","DDR0_ODT_1","SCANAIO_99","DDR0_CS_N_2","VDDQ_DDR0123","VSS","DDR0_CS_N_3","TEST_VSS_4CH","DDR0_DATA_37","VSS","DDR0_DSTR_13_P","DDR2_PLL_TESTOUT_N","DDR0_DATA_38","VSS","DDR0_DATA_35","CLK_MON_OUT","DDR3_DSTR_6_N","VSS","DDR0_PLL_ATPOUT","TEST_VSS_8CH","DDR3_DSTR_15_P","VSS"
"BN",,"#","VSS","SCANAIO_47","VSS","DDR1_DATA_39","VSS","SCANAIO_60","VSS","DDR1_DATA_33","VSS","SCANAIO_65","DDR3_DATA_33","VSS","DDR1_CS_N_3","VSS","SCANAIO_70","VDDQ_DDR0123","DDR1_ADDR_17","VSS","SCANAIO_75","VDDQ_DDR0123","DDR1_ADDR_15_CAS_N","DDR3_DATA_32","VSS","SCANAIO_80","VDDQ_DDR0123","DDR1_BA_1","VSS","SCANAIO_85","VDDQ_DDR0123","DDR1_CLK_2_N","VSS","SCANAIO_90","VSS","VDDQ_DDR0123","DDR1_ADDR_1","VSS","SCANAIO_95","VDDQ_DDR0123","DDR1_ADDR_7","VSS","SCANAIO_100","VDDQ_DDR0123","DDR1_BG_0","DDR2_DATA_29","VSS","DDR0_PLL_TESTOUT_N","VDDQ_DDR0123","DDR1_CKE_3","VSS","DDR2_PLL_TESTOUT_P","VSS","DDR1_DSTR_0_N","VSS","DDR1_DATA_0","VSS","DDR1_DATA_5","DDR1_DATA_4","DDR3_PLL_CMLCKOUTN_TEST","VSS","DDR2_DATA_30"
"BP",,"DDR3_DATA_36","DDR2_DATA_26","SCANAIO_48","DDR1_DATA_35","DDR1_DATA_38","DDR1_DSTR_4_N","SCANAIO_61","DDR1_DSTR_13_N","DDR1_DATA_32","DDR1_DATA_36","SCANAIO_66","DDR3_DATA_37","RSVD","DDR1_CS_N_6","DDR1_CID_2","SCANAIO_71","DDR1_ODT_3","DDR1_CS_N_5","DDR1_ADDR_13","SCANAIO_76","DDR1_ODT_2","DDR1_ADDR_14_WE_N","VSS","DDR1_CS_N_0","SCANAIO_81","DDR1_ADDR_16_RAS_N","DDR1_BA_0","DDR1_PAR","SCANAIO_86","DDR1_CLK_3_P","DDR1_CLK_2_P","DDR1_CLK_1_N","SCANAIO_91","DDR2_DATA_28","DDR1_CLK_0_P","DDR1_ADDR_2","DDR1_ADDR_4","SCANAIO_96","DDR1_ADDR_5","DDR1_ADDR_8","DDR1_ADDR_9","SCANAIO_101","DDR1_ADDR_12","DDR1_BG_1","DDR2_DATA_25","DDR1_CKE_0","DDR0_PLL_TESTOUT_P","DDR1_CKE_2","DDR1_RESETN","DDR1_DATA_2","TEST_VSS_4CH","DDR1_DATA_7","DDR1_DSTR_0_P","DDR1_DSTR_9_P","DDR1_DATA_1","DDR2_DSTR_12_P","VSS","DDR2_PLL_ATPOUT","DDR3_PLL_CMLCKOUTP_TEST","DDR2_DSTR_3_N","DDR2_DATA_31"
"BR",,"VDDQ_DDR0123","DDR2_DATA_27","SCANAIO_49","DDR1_DATA_34","VSS","DDR1_DSTR_4_P","SCANAIO_62","DDR1_DSTR_13_P","VSS","DDR1_DATA_37","SCANAIO_67","RSVD","DDR1_CS_N_7","VDDQ_DDR0123","DDR1_CS_N_2","SCANAIO_72","DDR1_ODT_1","VDDQ_DDR0123","DDR1_CS_N_1","SCANAIO_77","DDR1_ODT_0","VDDQ_DDR0123","DDR2_RESETN","DDR1_CS_N_4","SCANAIO_82","DDR1_ADDR_10","VDDQ_DDR0123","DDR1_ADDR_0","SCANAIO_87","DDR1_CLK_3_N","VDDQ_DDR0123","DDR1_CLK_1_P","SCANAIO_92","DDR2_DATA_24","DDR1_CLK_0_N","VDDQ_DDR0123","DDR1_ADDR_3","SCANAIO_97","DDR1_ADDR_6","VDDQ_DDR0123","DDR1_ADDR_11","SCANAIO_102","DDR1_ALERT_N","VDDQ_DDR0123","VSS","DDR1_ACT_N","DDR0_ATB0","DDR1_CKE_1","VDDQ_DDR0123","DDR1_DATA_3","DDR2_ATB0","DDR1_DATA_6","VSS","DDR1_DSTR_9_N","VSS","DDR2_DSTR_12_N","DDR2_DATA_58","DDR2_DATA_59","VDDQ_DDR0123","DDR2_DSTR_3_P","VSS"
"BT",,"DDR2_CKE_3","VDDQ_DDR0123","TEST_VSS_8CH","VSS","DDR2_CLK_3_N","VDDQ_DDR0123","SCANAIO_63","VSS","DDR2_ADDR_10","VDDQ_DDR0123","SCANAIO_68","DDR2_CKE_1","VSS","DDR2_ODT_0","VDDQ_DDR0123","SCANAIO_73","VSS","DDR2_ODT_1","VDDQ_DDR0123","SCANAIO_78","VSS","RSVD","VDDQ_DDR0123","VDDQ_DDR0123","SCANAIO_83","VSS","DDR2_DATA_33","VSS","SCANAIO_88","VSS","DDR2_DATA_39","VSS","SCANAIO_93","VSS","VSS","DDR2_DATA_41","VSS","SCANAIO_98","VSS","DDR2_DATA_47","VSS","TEST_VSS_4CH","VSS","DDR2_DATA_49","DDR2_ADDR_7","VSS","DDR0_ATB1","VSS","DDR2_DATA_55","VSS","DDR2_ATB1","VSS","DDR2_DATA_57","VSS","DDR2_DSTR_7_P","VDDQ_DDR0123","VSS","DDR2_DATA_63","DDR2_ADDR_4","VSS","DDR2_CLK_0_N"
"BU",,"#","DDR2_CLK_1_P","TEST_VSS_8CH","DDR2_CLK_2_N","DDR2_CLK_3_P","DDR2_ADDR_0","TEST_VSS_8CH","DDR2_BA_1","DDR2_ADDR_16_RAS_N","DDR2_CS_N_4","TEST_VSS_8CH","DDR2_CKE_2","DDR2_ADDR_14_WE_N","DDR2_ODT_2","DDR2_CS_N_1","TEST_VSS_8CH","DDR2_CS_N_5","DDR2_ODT_3","DDR2_CS_N_2","TEST_VSS_8CH","DDR2_CS_N_6","DDR2_CS_N_7","DDR2_CKE_0","RSVD","TEST_VSS_8CH","DDR2_DATA_36","DDR2_DATA_32","DDR2_DSTR_13_N","TEST_VSS_8CH","DDR2_DSTR_4_N","DDR2_DATA_38","DDR2_DATA_35","TEST_VSS_8CH","DDR2_ADDR_9","DDR2_DATA_44","DDR2_DATA_40","DDR2_DSTR_14_N","TEST_VSS_8CH","DDR2_DSTR_5_N","DDR2_DATA_46","DDR2_DATA_43","TEST_VSS_8CH","DDR2_DATA_52","DDR2_DATA_48","DDR2_ADDR_8","DDR2_DSTR_15_N","TEST_VSS_8CH","DDR2_DSTR_6_N","DDR2_DATA_54","DDR2_DATA_51","TEST_VSS_8CH","DDR2_DATA_60","DDR2_DATA_56","DDR2_DSTR_16_N","DDR2_DSTR_7_N","DDR2_ADDR_6","DDR2_DATA_62","VSS","DDR2_ADDR_3","DDR2_ADDR_1","DDR2_CLK_0_P"
"BV",,"DDR2_ACT_N","DDR2_CLK_1_N","TEST_VSS_8CH","DDR2_CLK_2_P","VDDQ_DDR0123","DDR2_PAR","TEST_VSS_8CH","DDR2_BA_0","VDDQ_DDR0123","DDR2_CS_N_0","TEST_VSS_8CH","DDR2_BG_0","DDR2_ADDR_15_CAS_N","VDDQ_DDR0123","DDR2_ADDR_13","TEST_VSS_8CH","DDR2_ADDR_17","VDDQ_DDR0123","DDR2_CID_2","TEST_VSS_8CH","DDR2_CS_N_3","VDDQ_DDR0123","VSS","RSVD","TEST_VSS_8CH","DDR2_DATA_37","VSS","DDR2_DSTR_13_P","TEST_VSS_8CH","DDR2_DSTR_4_P","VSS","DDR2_DATA_34","TEST_VSS_8CH","DDR2_ADDR_11","DDR2_DATA_45","VSS","DDR2_DSTR_14_P","TEST_VSS_8CH","DDR2_DSTR_5_P","VSS","DDR2_DATA_42","TEST_VSS_8CH","DDR2_DATA_53","VSS","VDDQ_DDR0123","DDR2_DSTR_15_P","TEST_VSS_8CH","DDR2_DSTR_6_P","VSS","DDR2_DATA_50","TEST_VSS_8CH","DDR2_DATA_61","VSS","DDR2_DSTR_16_P","TEST_VSS_8CH","DDR2_ADDR_5","VSS","DDR3_DATA_4","VSS","DDR2_ADDR_2","VDDQ_DDR0123"
"BW",,"VDDQ_DDR0123","VSS","DDR3_ADDR_15_CAS_N","VDDQ_DDR0123","DDR3_ADDR_16_RAS_N","VSS","DDR3_ADDR_0","VDDQ_DDR0123","DDR3_CLK_1_N","VSS","DDR3_CLK_3_N","DDR2_BG_1","VDDQ_DDR0123","DDR3_ADDR_3","VSS","DDR3_ADDR_8","VDDQ_DDR0123","DDR3_ADDR_12","VSS","DDR3_ACT_N","VDDQ_DDR0123","DDR3_CKE_3","DDR2_ALERT_N","VSS","DDR3_DATA_70","VSS","DDR3_DSTR_17_P","VSS","DDR3_DATA_68","VSS","DDR3_DATA_30","VSS","DDR3_DSTR_12_P","VDDQ_DDR0123","VSS","DDR3_DATA_28","VSS","DDR3_DATA_22","VSS","DDR3_DSTR_11_P","VSS","DDR3_DATA_20","VSS","DDR3_DATA_14","DDR3_CS_N_3","VSS","DDR3_DSTR_10_P","VSS","DDR3_DATA_12","VSS","DDR3_DATA_6","VSS","DDR3_DSTR_9_P","VSS","DDR3_DATA_5","VSS","DDR3_DATA_0","VDDQ_DDR0123_SENSE0_P","DDR3_ODT_3","VDDQ_DDR0123","DDR3_CS_N_1"
"BY",,"#","DDR3_ODT_2","DDR3_ADDR_14_WE_N","DDR3_CS_N_0","DDR3_ADDR_10","DDR3_BA_0","DDR3_PAR","DDR3_CLK_0_P","DDR3_CLK_1_P","DDR3_CLK_2_N","DDR3_CLK_3_P","VDDQ_DDR0123","DDR3_ADDR_1","DDR3_ADDR_4","DDR3_ADDR_5","DDR3_ADDR_7","DDR3_ADDR_9","DDR3_ALERT_N","DDR3_BG_1","DDR3_CKE_0","DDR3_CKE_1","DDR3_RESETN","DDR2_ADDR_12","DDR3_DATA_67","DDR3_DATA_71","DDR3_DSTR_8_N","DDR3_DSTR_17_N","DDR3_DATA_65","DDR3_DATA_69","DDR3_DATA_26","DDR3_DATA_31","DDR3_DSTR_3_P","DDR3_DSTR_12_N","VSS","DDR3_DATA_24","DDR3_DATA_29","DDR3_DATA_19","DDR3_DATA_23","DDR3_DSTR_2_N","DDR3_DSTR_11_N","DDR3_DATA_17","DDR3_DATA_21","DDR3_DATA_10","DDR3_DATA_15","DDR3_CS_N_6","DDR3_DSTR_1_P","DDR3_DSTR_10_N","DDR3_DATA_8","DDR3_DATA_13","DDR3_DATA_3","DDR3_DATA_7","DDR3_DSTR_0_N","DDR3_DSTR_9_N","DDR3_DATA_1","VSS","DDR3_CS_N_2","VDDQ_DDR0123_SENSE0_N","#","DDR3_ODT_1","DDR3_CS_N_5","DDR3_ADDR_13"
"C",,"SCANA_CORE_VDD1P8","VSS","DDR7_ADDR_15_CAS_N","SCANA_CORE_VDD1P8","DDR7_ADDR_16_RAS_N","VSS","DDR7_ADDR_0","SCANA_CORE_VDD1P8","DDR7_CLK_1_N","VSS","DDR7_CLK_3_N","DDR6_BG_1","SCANA_CORE_VDD1P8","DDR7_ADDR_3","VSS","DDR7_ADDR_8","SCANA_CORE_VDD1P8","DDR7_ADDR_12","VSS","DDR7_ACT_N","SCANA_CORE_VDD1P8","DDR7_CKE_3","DDR6_ALERT_N","VSS","DDR7_DATA_70","VSS","DDR7_DSTR_17_P","VSS","DDR7_DATA_68","VSS","DDR7_DATA_30","VSS","DDR7_DSTR_12_P","SCANA_CORE_VDD1P8","VSS","DDR7_DATA_28","VSS","DDR7_DATA_22","VSS","DDR7_DSTR_11_P","VSS","DDR7_DATA_20","VSS","DDR7_DATA_14","DDR7_CS_N_3","VSS","DDR7_DSTR_10_P","VSS","DDR7_DATA_12","VSS","DDR7_DATA_6","VSS","DDR7_DSTR_9_P","VSS","DDR7_DATA_5","VSS","DDR7_DATA_0","VDDQ_DDR4567_SENSE4_P","DDR7_ODT_3","SCANA_CORE_VDD1P8","DDR7_CS_N_1"
"CA",,"#","DDR3_ODT_0","VDDQ_DDR0123","DDR3_CS_N_4","#","DDR3_BA_1","VDDQ_DDR0123","DDR3_CLK_0_N","#","DDR3_CLK_2_P","VDDQ_DDR0123","#","DDR3_ADDR_2","#","DDR3_ADDR_6","VDDQ_DDR0123","DDR3_ADDR_11","#","DDR3_BG_0","VDDQ_DDR0123","DDR3_CKE_2","#","VDDQ_DDR0123","DDR3_DATA_66","VSS","DDR3_DSTR_8_P","#","DDR3_DATA_64","VSS","DDR3_DATA_27","#","DDR3_DSTR_3_N","VSS","DDR3_CS_N_7","DDR3_DATA_25","#","DDR3_DATA_18","VSS","DDR3_DSTR_2_P","#","DDR3_DATA_16","VSS","DDR3_DATA_11","#","#","DDR3_DSTR_1_N","VSS","DDR3_DATA_9","#","DDR3_DATA_2","VSS","DDR3_DSTR_0_P","#","#","#","DDR3_CID_2","#","#","VDDQ_DDR0123","DDR3_ADDR_17","#"
"D",,"DDR6_ACT_N","DDR6_CLK_1_N","TEST_VSS_8CH","DDR6_CLK_2_P","SCANA_CORE_VDD1P8","DDR6_PAR","TEST_VSS_8CH","DDR6_BA_0","SCANA_CORE_VDD1P8","DDR6_CS_N_0","TEST_VSS_8CH","DDR6_BG_0","DDR6_ADDR_15_CAS_N","SCANA_CORE_VDD1P8","DDR6_ADDR_13","TEST_VSS_8CH","DDR6_ADDR_17","SCANA_CORE_VDD1P8","DDR6_CID_2","TEST_VSS_8CH","DDR6_CS_N_3","SCANA_CORE_VDD1P8","VSS","RSVD","TEST_VSS_8CH","DDR6_DATA_37","VSS","DDR6_DSTR_13_P","TEST_VSS_8CH","DDR6_DSTR_4_P","VSS","DDR6_DATA_34","TEST_VSS_8CH","DDR6_ADDR_11","DDR6_DATA_45","VSS","DDR6_DSTR_14_P","TEST_VSS_8CH","DDR6_DSTR_5_P","VSS","DDR6_DATA_42","TEST_VSS_8CH","DDR6_DATA_53","VSS","SCANA_CORE_VDD1P8","DDR6_DSTR_15_P","TEST_VSS_8CH","DDR6_DSTR_6_P","VSS","DDR6_DATA_50","TEST_VSS_8CH","DDR6_DATA_61","VSS","DDR6_DSTR_16_P","TEST_VSS_8CH","DDR6_ADDR_5","VSS","DDR7_DATA_4","VSS","DDR6_ADDR_2","SCANA_CORE_VDD1P8"
"E",,"#","DDR6_CLK_1_P","TEST_VSS_8CH","DDR6_CLK_2_N","DDR6_CLK_3_P","DDR6_ADDR_0","TEST_VSS_8CH","DDR6_BA_1","DDR6_ADDR_16_RAS_N","DDR6_CS_N_4","TEST_VSS_8CH","DDR6_CKE_2","DDR6_ADDR_14_WE_N","DDR6_ODT_2","DDR6_CS_N_1","TEST_VSS_8CH","DDR6_CS_N_5","DDR6_ODT_3","DDR6_CS_N_2","TEST_VSS_8CH","DDR6_CS_N_6","DDR6_CS_N_7","DDR6_CKE_0","RSVD","TEST_VSS_8CH","DDR6_DATA_36","DDR6_DATA_32","DDR6_DSTR_13_N","TEST_VSS_8CH","DDR6_DSTR_4_N","DDR6_DATA_38","DDR6_DATA_35","TEST_VSS_8CH","DDR6_ADDR_9","DDR6_DATA_44","DDR6_DATA_40","DDR6_DSTR_14_N","TEST_VSS_8CH","DDR6_DSTR_5_N","DDR6_DATA_46","DDR6_DATA_43","TEST_VSS_8CH","DDR6_DATA_52","DDR6_DATA_48","DDR6_ADDR_8","DDR6_DSTR_15_N","TEST_VSS_8CH","DDR6_DSTR_6_N","DDR6_DATA_54","DDR6_DATA_51","TEST_VSS_8CH","DDR6_DATA_60","DDR6_DATA_56","DDR6_DSTR_16_N","DDR6_DSTR_7_N","DDR6_ADDR_6","DDR6_DATA_62","VSS","DDR6_ADDR_3","DDR6_ADDR_1","DDR6_CLK_0_P"
"F",,"DDR6_CKE_3","SCANA_CORE_VDD1P8","TEST_VSS_8CH","VSS","DDR6_CLK_3_N","SCANA_CORE_VDD1P8","SCANBIO_63","VSS","DDR6_ADDR_10","SCANA_CORE_VDD1P8","SCANBIO_68","DDR6_CKE_1","VSS","DDR6_ODT_0","SCANA_CORE_VDD1P8","SCANBIO_73","VSS","DDR6_ODT_1","SCANA_CORE_VDD1P8","SCANBIO_78","VSS","RSVD","SCANA_CORE_VDD1P8","SCANA_CORE_VDD1P8","SCANBIO_83","VSS","DDR6_DATA_33","VSS","SCANBIO_88","VSS","DDR6_DATA_39","VSS","SCANBIO_93","VSS","VSS","DDR6_DATA_41","VSS","SCANBIO_98","VSS","DDR6_DATA_47","VSS","TEST_VSS_4CH","VSS","DDR6_DATA_49","DDR6_ADDR_7","VSS","DDR4_ATB1","VSS","DDR6_DATA_55","VSS","DDR6_ATB1","VSS","DDR6_DATA_57","VSS","DDR6_DSTR_7_P","SCANA_CORE_VDD1P8","VSS","DDR6_DATA_63","DDR6_ADDR_4","VSS","DDR6_CLK_0_N"
"G",,"SCANA_CORE_VDD1P8","DDR6_DATA_27","SCANBIO_49","DDR5_DATA_34","VSS","DDR5_DSTR_4_P","SCANBIO_62","DDR5_DSTR_13_P","VSS","DDR5_DATA_37","SCANBIO_67","RSVD","DDR5_CS_N_7","SCANA_CORE_VDD1P8","DDR5_CS_N_2","SCANBIO_72","DDR5_ODT_1","SCANA_CORE_VDD1P8","DDR5_CS_N_1","SCANBIO_77","DDR5_ODT_0","SCANA_CORE_VDD1P8","DDR6_RESETN","DDR5_CS_N_4","SCANBIO_82","DDR5_ADDR_10","SCANA_CORE_VDD1P8","DDR5_ADDR_0","SCANBIO_87","DDR5_CLK_3_N","SCANA_CORE_VDD1P8","DDR5_CLK_1_P","SCANBIO_92","DDR6_DATA_24","DDR5_CLK_0_N","SCANA_CORE_VDD1P8","DDR5_ADDR_3","SCANBIO_97","DDR5_ADDR_6","SCANA_CORE_VDD1P8","DDR5_ADDR_11","SCANBIO_102","DDR5_ALERT_N","SCANA_CORE_VDD1P8","VSS","DDR5_ACT_N","DDR4_ATB0","DDR5_CKE_1","SCANA_CORE_VDD1P8","DDR5_DATA_3","DDR6_ATB0","DDR5_DATA_6","VSS","DDR5_DSTR_9_N","VSS","DDR6_DSTR_12_N","DDR6_DATA_58","DDR6_DATA_59","SCANA_CORE_VDD1P8","DDR6_DSTR_3_P","VSS"
"H",,"DDR7_DATA_36","DDR6_DATA_26","SCANBIO_48","DDR5_DATA_35","DDR5_DATA_38","DDR5_DSTR_4_N","SCANBIO_61","DDR5_DSTR_13_N","DDR5_DATA_32","DDR5_DATA_36","SCANBIO_66","DDR7_DATA_37","RSVD","DDR5_CS_N_6","DDR5_CID_2","SCANBIO_71","DDR5_ODT_3","DDR5_CS_N_5","DDR5_ADDR_13","SCANBIO_76","DDR5_ODT_2","DDR5_ADDR_14_WE_N","VSS","DDR5_CS_N_0","SCANBIO_81","DDR5_ADDR_16_RAS_N","DDR5_BA_0","DDR5_PAR","SCANBIO_86","DDR5_CLK_3_P","DDR5_CLK_2_P","DDR5_CLK_1_N","SCANBIO_91","DDR6_DATA_28","DDR5_CLK_0_P","DDR5_ADDR_2","DDR5_ADDR_4","SCANBIO_96","DDR5_ADDR_5","DDR5_ADDR_8","DDR5_ADDR_9","SCANBIO_101","DDR5_ADDR_12","DDR5_BG_1","DDR6_DATA_25","DDR5_CKE_0","DDR4_PLL_TESTOUT_P","DDR5_CKE_2","DDR5_RESETN","DDR5_DATA_2","TEST_VSS_4CH","DDR5_DATA_7","DDR5_DSTR_0_P","DDR5_DSTR_9_P","DDR5_DATA_1","DDR6_DSTR_12_P","VSS","DDR6_PLL_ATPOUT","DDR7_PLL_CMLCKOUTP_TEST","DDR6_DSTR_3_N","DDR6_DATA_31"
"J",,"#","VSS","SCANBIO_47","VSS","DDR5_DATA_39","VSS","SCANBIO_60","VSS","DDR5_DATA_33","VSS","SCANBIO_65","DDR7_DATA_33","VSS","DDR5_CS_N_3","VSS","SCANBIO_70","SCANA_CORE_VDD1P8","DDR5_ADDR_17","VSS","SCANBIO_75","SCANA_CORE_VDD1P8","DDR5_ADDR_15_CAS_N","DDR7_DATA_32","VSS","SCANBIO_80","SCANA_CORE_VDD1P8","DDR5_BA_1","VSS","SCANBIO_85","SCANA_CORE_VDD1P8","DDR5_CLK_2_N","VSS","SCANBIO_90","VSS","SCANA_CORE_VDD1P8","DDR5_ADDR_1","VSS","SCANBIO_95","SCANA_CORE_VDD1P8","DDR5_ADDR_7","VSS","SCANBIO_100","SCANA_CORE_VDD1P8","DDR5_BG_0","DDR6_DATA_29","VSS","DDR4_PLL_TESTOUT_N","SCANA_CORE_VDD1P8","DDR5_CKE_3","VSS","DDR6_PLL_TESTOUT_P","VSS","DDR5_DSTR_0_N","VSS","DDR5_DATA_0","VSS","DDR5_DATA_5","DDR5_DATA_4","DDR7_PLL_CMLCKOUTN_TEST","VSS","DDR6_DATA_30"
"K",,"DDR7_DSTR_13_N","DDR7_DATA_53","SCANBIO_46","DDR5_DATA_42","VSS","DDR5_DSTR_5_P","SCANBIO_59","DDR5_DSTR_14_P","VSS","DDR5_DATA_45","SCANBIO_64","DDR7_DSTR_13_P","RSVD","SCANA_CORE_VDD1P8","DDR4_ALERT_N","SCANBIO_69","DDR4_ADDR_11","SCANA_CORE_VDD1P8","DDR4_ADDR_6","SCANBIO_74","DDR4_ADDR_3","SCANA_CORE_VDD1P8","VSS","DDR4_CLK_2_N","SCANBIO_79","DDR4_CLK_3_P","SCANA_CORE_VDD1P8","DDR4_CLK_1_N","SCANBIO_84","DDR4_ADDR_0","SCANA_CORE_VDD1P8","DDR4_ADDR_10","SCANBIO_89","DDR7_DATA_54","DDR4_CS_N_4","SCANA_CORE_VDD1P8","DDR4_ODT_0","SCANBIO_94","DDR4_CS_N_1","SCANA_CORE_VDD1P8","DDR4_ODT_1","SCANBIO_99","DDR4_CS_N_2","SCANA_CORE_VDD1P8","VSS","DDR4_CS_N_3","TEST_VSS_4CH","DDR4_DATA_37","VSS","DDR4_DSTR_13_P","DDR6_PLL_TESTOUT_N","DDR4_DATA_38","VSS","DDR4_DATA_35","VSSA","DDR7_DSTR_6_N","VSS","DDR4_PLL_ATPOUT","TEST_VSS_8CH","DDR7_DSTR_15_P","VSS"
"L",,"VSS","DDR7_DATA_52","SCANBIO_45","DDR5_DATA_43","DDR5_DATA_46","DDR5_DSTR_5_N","SCANBIO_58","DDR5_DSTR_14_N","DDR5_DATA_40","DDR5_DATA_44","TEST_VSS_2CH","DDR7_DSTR_4_P","RSVD","DDR4_BG_0","DDR4_ADDR_12","SCANBCLK_3","DDR4_ADDR_9","DDR4_ADDR_8","DDR4_ADDR_5","SCANBCLK_11","DDR4_ADDR_4","DDR4_ADDR_2","DDR7_DSTR_4_N","DDR4_CLK_2_P","SCANBCLK_19","DDR4_CLK_3_N","DDR4_CLK_0_N","DDR4_CLK_1_P","SCANBIO_3","DDR4_PAR","DDR4_BA_1","DDR4_ADDR_16_RAS_N","SCANBIO_11","DDR7_DATA_50","DDR4_CS_N_0","DDR4_ADDR_14_WE_N","DDR4_ODT_2","SCANBIO_19","DDR4_ADDR_13","DDR4_CS_N_5","DDR4_ODT_3","SCANBIO_27","DDR4_CID_2","DDR4_CS_N_6","DDR7_DATA_55","DDR4_CS_N_7","SCANBIO_35","DDR4_DATA_36","DDR4_DATA_32","DDR4_DSTR_13_N","DDR4_DSTR_4_N","DDR4_DATA_39","DDR4_DATA_34","SCAN_MODE","PCIE3_L7_TX_P","DDR7_DSTR_6_P","PCIE3_L7_TX_N","VSSA","TEST_VSS_8CH","DDR7_DSTR_15_N","DDR7_DATA_48"
"M",,"DDR7_DATA_38","VSS","SCANBIO_44","VSS","DDR5_DATA_47","VSS","SCANBIO_57","VSS","DDR5_DATA_41","VSS","TEST_VSS_2CH","DDR7_DATA_39","VSS","DDR4_ACT_N","SCANA_CORE_VDD1P8","SCANBCLK_4","VSS","DDR4_ADDR_7","SCANA_CORE_VDD1P8","SCANBCLK_12","VSS","DDR4_ADDR_1","VSS","SCANA_CORE_VDD1P8","SCANBCLK_20","VSS","DDR4_CLK_0_P","SCANA_CORE_VDD1P8","SCANBIO_4","VSS","DDR4_BA_0","SCANA_CORE_VDD1P8","SCANBIO_12","VSS","VSS","DDR4_ADDR_15_CAS_N","SCANA_CORE_VDD1P8","SCANBIO_20","VSS","DDR4_ADDR_17","SCANA_CORE_VDD1P8","SCANBIO_28","VSS","RSVD","DDR7_DATA_51","SCANA_CORE_VDD1P8","SCANBIO_36","VSS","DDR4_DATA_33","VSS","DDR4_DSTR_4_P","VSS","MPA_TEST_RSTN","VSS","VSSA","VSS","PCIE3_L6_TX_P","PCIE3_L6_TX_N","TEST_VSS_8CH","VSS","DDR7_DATA_49"
"N",,"#","TEST_VSS_8CH","SCANBIO_43","TEST_VSS_4CH","TEST_VSS_4CH","TEST_VSS_4CH","SCANBIO_56","DDR5_DSTR_15_P","VSS","DDR5_DATA_53","SCANBCLK_0","DDR7_DATA_35","DDR4_CKE_1","SCANA_CORE_VDD1P8","DDR4_BG_1","SCANBCLK_5","DDR5_DATA_66","VSS","DDR5_DSTR_8_P","SCANBCLK_13","DDR5_DSTR_17_P","VSS","DDR7_DATA_34","DDR5_DATA_69","SCANBCLK_21","DDR5_DATA_26","VSS","DDR5_DSTR_3_P","SCANBIO_5","DDR5_DSTR_12_P","VSS","DDR5_DATA_29","SCANBIO_13","TEST_VSS_8CH","DDR5_DATA_18","VSS","DDR5_DSTR_2_P","SCANBIO_21","DDR5_DSTR_11_P","VSS","DDR5_DATA_21","SCANBIO_29","DDR5_DATA_10","VSS","TEST_VSS_8CH","DDR5_DSTR_1_P","DDR5_DSTR_10_N","DDR5_DSTR_10_P","VSS","DDR5_DATA_13","PCIE7_RC_PERSTN","STRC0_L3_TX_N","STRC0_L3_TX_P","STRC0_L2_TX_N","PCIE3_L5_TX_P","TEST_VSS_8CH","PCIE3_L5_TX_N","#","TEST_VSS_8CH","TEST_VSS_8CH","TEST_VSS_8CH"
"P",,"DDR7_DATA_45","VSS","SCANBIO_42","VSS","DDR5_DATA_54","VSS","SCANBIO_55","DDR5_DSTR_15_N","DDR5_DATA_48","DDR5_DATA_52","SCANBCLK_1","DDR7_DATA_44","DDR4_CKE_3","DDR4_CKE_2","DDR4_CKE_0","SCANBCLK_6","DDR5_DATA_67","DDR5_DATA_70","DDR5_DSTR_8_N","SCANBCLK_14","DDR5_DSTR_17_N","DDR5_DATA_64","VSS","DDR5_DATA_68","SCANBCLK_22","DDR5_DATA_27","DDR5_DATA_31","DDR5_DSTR_3_N","SCANBIO_6","DDR5_DSTR_12_N","DDR5_DATA_25","DDR5_DATA_28","SCANBIO_14","DDR7_PLL_ATPOUT","DDR5_DATA_19","DDR5_DATA_23","DDR5_DSTR_2_N","SCANBIO_22","DDR5_DSTR_11_N","DDR5_DATA_17","DDR5_DATA_20","SCANBIO_30","DDR5_DATA_11","DDR5_DATA_15","DDR6_DATA_17","DDR5_DSTR_1_N","JTAG_SELECT3","DDR5_DATA_9","DDR5_DATA_8","DDR5_DATA_12","PCIE6_RC_PERSTN","VSSA","TEST_TMM_ENABLE","STRC0_L2_TX_P","VSSA","VSS","PCIE3_L4_TX_P","PCIE3_L4_TX_N","DDR6_DSTR_11_N","VSS","DDR6_DATA_22"
"R",,"VSS","DDR6_DATA_18","SCANBIO_41","DDR5_DATA_50","DDR5_DATA_55","DDR5_DSTR_6_N","SCANBIO_54","VSS","DDR5_DATA_49","VSS","SCANBCLK_2","DDR7_DATA_41","VSS","DDR4_RESETN","VSS","SCANBCLK_7","VSS","DDR5_DATA_71","VSS","SCANBCLK_15","VSS","DDR5_DATA_65","DDR7_DATA_40","VSS","SCANBCLK_23","VSS","DDR5_DATA_30","VSS","SCANBIO_7","VSS","DDR5_DATA_24","VSS","SCANBIO_15","VDDQ_DDR4567_SENSE5_N","VSS","DDR5_DATA_22","VSS","SCANBIO_23","VSS","DDR5_DATA_16","VSS","SCANBIO_31","VSS","DDR5_DATA_14","DDR6_DATA_21","VSS","JTAG_CMPL2","VSS","PCIE3_RC_PERSTN","VSS","VSSA","PCIE2_L7_RX_P","PCIE2_L7_RX_N","VSSA","PCIE3_L3_TX_P","DDR6_DATA_16","PCIE3_L3_TX_N","VSSA","DDR6_DSTR_11_P","DDR6_DSTR_2_P","DDR6_DATA_23"
"T",,"DDR7_DSTR_14_P","DDR6_DATA_19","SCANBIO_40","DDR5_DATA_51","VSS","DDR5_DSTR_6_P","SCANBIO_53","DDR5_DSTR_16_P","VSS","DDR5_DATA_61","GPI_7","DDR7_DSTR_14_N","DDR4_DATA_5","VSS","DDR4_DSTR_9_P","SCANBCLK_8","DDR4_DSTR_0_P","VSS","DDR4_DATA_2","SCANBCLK_16","DDR4_DATA_13","VSS","VSS","DDR4_DSTR_10_P","SCANBIO_0","DDR4_DSTR_1_P","VSS","DDR4_DATA_10","SCANBIO_8","DDR4_DATA_21","VSS","DDR4_DSTR_11_P","SCANBIO_16","VDDQ_DDR4567_SENSE5_P","DDR4_DSTR_2_P","VSS","DDR4_DATA_18","SCANBIO_24","DDR4_DATA_29","VSS","DDR4_DSTR_12_P","SCANBIO_32","DDR4_DSTR_3_P","VSS","VSS","DDR4_DATA_26","PCIE2_RC_PERSTN","ISOLATE_DIS0","VSSA","PCIE3_L7_RX_N","PCIE3_L7_RX_P","VSSA","PCIE2_L6_RX_P","PCIE2_L6_RX_N","VSSA","DDR6_DATA_20","PCIE3_L2_TX_P","PCIE3_L2_TX_N","VSS","DDR6_DSTR_2_N","VSS"
"U",,"#","VSS","SCANBIO_39","VSS","DDR5_DATA_62","VSS","SCANBIO_52","DDR5_DSTR_16_N","DDR5_DATA_56","DDR5_DATA_60","GPI_6","DDR7_DSTR_5_P","DDR4_DATA_4","DDR4_DATA_1","DDR4_DSTR_9_N","SCANBCLK_9","DDR4_DSTR_0_N","DDR4_DATA_7","DDR4_DATA_3","SCANBCLK_17","DDR4_DATA_12","DDR4_DATA_9","DDR7_DSTR_5_N","DDR4_DSTR_10_N","SCANBIO_1","DDR4_DSTR_1_N","DDR4_DATA_14","DDR4_DATA_11","SCANBIO_9","DDR4_DATA_20","DDR4_DATA_16","DDR4_DSTR_11_N","SCANBIO_17","VSS","DDR4_DSTR_2_N","DDR4_DATA_22","DDR4_DATA_19","SCANBIO_25","DDR4_DATA_28","DDR4_DATA_24","DDR4_DSTR_12_N","SCANBIO_33","DDR4_DSTR_3_N","DDR4_DATA_30","DDR7_DATA_63","DDR4_DATA_27","VSSA","PCIE3_L6_RX_N","PCIE3_L6_RX_P","JTAG_CMPL0","JTAG_CMPL1","TEST_VSS_2CH","TEST_VSS_2CH","TEST_VSS_2CH","PCIE3_L1_TX_P","VSS","PCIE3_L1_TX_N","#","TEST_VSS_8CH","VSS","DDR7_DATA_56"
"V",,"DDR7_DATA_47","DDR7_DATA_61","SCANBIO_38","DDR5_DATA_58","DDR5_DATA_63","DDR5_DSTR_7_P","SCANBIO_51","VSS","DDR5_DATA_57","VSS","GPI_5","DDR7_DATA_46","VSS","DDR4_DATA_0","VSS","SCANBCLK_10","VSS","DDR4_DATA_6","VSS","SCANBCLK_18","VSS","DDR4_DATA_8","VSS","VSS","SCANBIO_2","VSS","DDR4_DATA_15","VSS","SCANBIO_10","VSS","DDR4_DATA_17","VSS","SCANBIO_18","DDR7_DATA_58","VSS","DDR4_DATA_23","VSS","SCANBIO_26","VSS","DDR4_DATA_25","VSS","SCANBIO_34","VSS","DDR4_DATA_31","DDR7_DATA_62","VSS","PCIE2_EP_PERSTN","ISOLATE_DIS1","VSSA","PCIE3_L5_RX_P","PCIE3_L5_RX_N","VSSA","PCIE2_L5_RX_P","PCIE2_L5_RX_N","VSSA","DDR7_DSTR_7_P","PCIE3_L0_TX_P","PCIE3_L0_TX_N","TEST_VSS_8CH","DDR7_DSTR_16_P","DDR7_DATA_57"
"W",,"VSS","DDR7_DATA_60","SCANBIO_37","DDR5_DATA_59","VSS","DDR5_DSTR_7_N","SCANBIO_50","TEST_VSS_4CH","VSS","DDR6_DATA_71","GPI_4","DDR7_DATA_43","DDR4_DATA_69","VSS","DDR4_DSTR_17_P","GPI_2","DDR4_DSTR_8_P","VSS","DDR4_DATA_66","GPIO_10","DDR4_DATA_45","VSS","DDR7_DATA_42","DDR4_DSTR_14_P","GPIO_12","DDR4_DSTR_5_P","VSS","DDR4_DATA_42","GPIO_14","DDR4_DATA_53","VSS","DDR4_DSTR_15_P","GPIO_7","DDR7_DATA_59","DDR4_DSTR_6_P","VSS","DDR4_DATA_50","GPI_0","DDR4_DATA_61","VSS","DDR4_DSTR_16_P","JTAG_IPP_TCK","DDR4_DSTR_7_P","VSS","VSS","DDR4_DATA_58","THERMAL_A","SCAN_EN","PCIE3_L4_RX_P","PCIE3_L4_RX_N","VSSA","PCIE2_L4_RX_P","PCIE2_L4_RX_N","VSSA","PCIE2_L7_TX_P","DDR7_DSTR_7_N","PCIE2_L7_TX_N","VSSA","TEST_VSS_8CH","DDR7_DSTR_16_N","VSS"
"Y",,"DDR6_DATA_8","VSS","DDR6_DSTR_0_N","VSS","DDR6_DATA_6","VSS","DDR6_DATA_65","VSS","DDR6_DSTR_8_P","DDR6_DATA_70","GPIO_9","VSS","DDR4_DATA_68","DDR4_DATA_65","DDR4_DSTR_17_N","GPI_3","DDR4_DSTR_8_N","DDR4_DATA_71","DDR4_DATA_67","GPIO_11","DDR4_DATA_44","DDR4_DATA_41","RSVD","DDR4_DSTR_14_N","GPIO_15","DDR4_DSTR_5_N","DDR4_DATA_46","DDR4_DATA_43","GPIO_13","DDR4_DATA_52","DDR4_DATA_48","DDR4_DSTR_15_N","GPIO_8","VSS","DDR4_DSTR_6_N","DDR4_DATA_54","DDR4_DATA_51","GPI_1","DDR4_DATA_60","DDR4_DATA_56","DDR4_DSTR_16_N","JTAG_IPP_TRSTN","DDR4_DSTR_7_N","DDR4_DATA_62","DDR6_DSTR_1_P","DDR4_DATA_59","THERMAL_C","SYS_REFCLK1_P","VSSA","PCIE3_L3_RX_P","PCIE3_L3_RX_N","VSSA","PCIE2_L3_RX_P","PCIE2_L3_RX_N","VSSA","VSS","PCIE2_L6_TX_P","PCIE2_L6_TX_N","DDR6_DATA_10","VSS","DDR6_DATA_0"
